Season,Seed,TeamID,TeamName
1985,W01,1207,Georgetown
1985,W02,1210,Georgia Tech
1985,W03,1228,Illinois
1985,W04,1260,Loyola-Chicago
1985,W05,1374,SMU
1985,W06,1208,Georgia
1985,W07,1393,Syracuse
1985,W08,1396,Temple
1985,W09,1439,Virginia Tech
1985,W10,1177,DePaul
1985,W11,1455,Wichita St
1985,W12,1330,Old Dominion
1985,W13,1233,Iona
1985,W14,1318,Northeastern
1985,W15,1273,Mercer
1985,W16,1250,Lehigh
1985,X01,1385,St John's
1985,X02,1433,VCU
1985,X03,1301,NC State
1985,X04,1424,UNLV
1985,X05,1449,Washington
1985,X06,1409,Tulsa
1985,X07,1104,Alabama
1985,X08,1234,Iowa
1985,X09,1116,Arkansas
1985,X10,1112,Arizona
1985,X11,1431,UTEP
1985,X12,1246,Kentucky
1985,X13,1361,San Diego St
1985,X14,1305,Nevada
1985,X15,1267,Marshall
1985,X16,1380,Southern Univ
1985,Y01,1328,Oklahoma
1985,Y02,1272,Memphis
1985,Y03,1181,Duke
1985,Y04,1326,Ohio St
1985,Y05,1256,Louisiana Tech
1985,Y06,1403,Texas Tech
1985,Y07,1412,UAB
1985,Y08,1425,USC
1985,Y09,1229,Illinois St
1985,Y10,1277,Michigan St
1985,Y11,1130,Boston College
1985,Y12,1338,Pittsburgh
1985,Y13,1235,Iowa St
1985,Y14,1337,Pepperdine
1985,Y15,1335,Penn
1985,Y16,1299,NC A&T
1985,Z01,1276,Michigan
1985,Z02,1314,North Carolina
1985,Z03,1242,Kansas
1985,Z04,1261,LSU
1985,Z05,1268,Maryland
1985,Z06,1345,Purdue
1985,Z07,1323,Notre Dame
1985,Z08,1437,Villanova
1985,Z09,1173,Dayton
1985,Z10,1333,Oregon St
1985,Z11,1120,Auburn
1985,Z12,1275,Miami OH
1985,Z13,1298,Navy
1985,Z14,1325,Ohio
1985,Z15,1292,MTSU
1985,Z16,1192,F Dickinson
1986,W01,1181,Duke
1986,W02,1393,Syracuse
1986,W03,1231,Indiana
1986,W04,1328,Oklahoma
1986,W05,1438,Virginia
1986,W06,1386,St Joseph's PA
1986,W07,1298,Navy
1986,W08,1330,Old Dominion
1986,W09,1452,West Virginia
1986,W10,1409,Tulsa
1986,W11,1350,Richmond
1986,W12,1177,DePaul
1986,W13,1318,Northeastern
1986,W14,1156,Cleveland St
1986,W15,1135,Brown
1986,W16,1290,MS Valley St
1986,X01,1242,Kansas
1986,X02,1276,Michigan
1986,X03,1323,Notre Dame
1986,X04,1207,Georgetown
1986,X05,1277,Michigan St
1986,X06,1301,NC State
1986,X07,1235,Iowa St
1986,X08,1239,Jacksonville
1986,X09,1396,Temple
1986,X10,1275,Miami OH
1986,X11,1234,Iowa
1986,X12,1449,Washington
1986,X13,1403,Texas Tech
1986,X14,1114,Ark Little Rock
1986,X15,1103,Akron
1986,X16,1299,NC A&T
1986,Y01,1246,Kentucky
1986,Y02,1210,Georgia Tech
1986,Y03,1272,Memphis
1986,Y04,1228,Illinois
1986,Y05,1104,Alabama
1986,Y06,1345,Purdue
1986,Y07,1439,Virginia Tech
1986,Y08,1443,WKU
1986,Y09,1304,Nebraska
1986,Y10,1437,Villanova
1986,Y11,1261,LSU
1986,Y12,1462,Xavier
1986,Y13,1193,Fairfield
1986,Y14,1123,Ball St
1986,Y15,1265,Marist
1986,Y16,1172,Davidson
1986,Z01,1385,St John's
1986,Z02,1257,Louisville
1986,Z03,1314,North Carolina
1986,Z04,1424,UNLV
1986,Z05,1268,Maryland
1986,Z06,1412,UAB
1986,Z07,1133,Bradley
1986,Z08,1120,Auburn
1986,Z09,1112,Arizona
1986,Z10,1431,UTEP
1986,Z11,1281,Missouri
1986,Z12,1337,Pepperdine
1986,Z13,1419,ULM
1986,Z14,1428,Utah
1986,Z15,1180,Drexel
1986,Z16,1286,Montana St
1987,W01,1314,North Carolina
1987,W02,1393,Syracuse
1987,W03,1345,Purdue
1987,W04,1395,TCU
1987,W05,1323,Notre Dame
1987,W06,1196,Florida
1987,W07,1452,West Virginia
1987,W08,1298,Navy
1987,W09,1276,Michigan
1987,W10,1443,WKU
1987,W11,1301,NC State
1987,W12,1292,MTSU
1987,W13,1267,Marshall
1987,W14,1318,Northeastern
1987,W15,1204,Ga Southern
1987,W16,1335,Penn
1987,X01,1207,Georgetown
1987,X02,1104,Alabama
1987,X03,1228,Illinois
1987,X04,1155,Clemson
1987,X05,1242,Kansas
1987,X06,1344,Providence
1987,X07,1309,New Orleans
1987,X08,1246,Kentucky
1987,X09,1326,Ohio St
1987,X10,1140,BYU
1987,X11,1412,UAB
1987,X12,1222,Houston
1987,X13,1283,Missouri St
1987,X14,1122,Austin Peay
1987,X15,1299,NC A&T
1987,X16,1137,Bucknell
1987,Y01,1231,Indiana
1987,Y02,1396,Temple
1987,Y03,1177,DePaul
1987,Y04,1281,Missouri
1987,Y05,1181,Duke
1987,Y06,1385,St John's
1987,Y07,1210,Georgia Tech
1987,Y08,1120,Auburn
1987,Y09,1360,San Diego
1987,Y10,1261,LSU
1987,Y11,1455,Wichita St
1987,Y12,1401,Texas A&M
1987,Y13,1462,Xavier
1987,Y14,1256,Louisiana Tech
1987,Y15,1380,Southern Univ
1987,Y16,1193,Fairfield
1987,Z01,1424,UNLV
1987,Z02,1234,Iowa
1987,Z03,1338,Pittsburgh
1987,Z04,1417,UCLA
1987,Z05,1438,Virginia
1987,Z06,1328,Oklahoma
1987,Z07,1431,UTEP
1987,Z08,1208,Georgia
1987,Z09,1243,Kansas St
1987,Z10,1112,Arizona
1987,Z11,1409,Tulsa
1987,Z12,1461,Wyoming
1987,Z13,1141,C Michigan
1987,Z14,1265,Marist
1987,Z15,1365,Santa Clara
1987,Z16,1226,Idaho St
1988,W01,1396,Temple
1988,W02,1181,Duke
1988,W03,1393,Syracuse
1988,W04,1231,Indiana
1988,W05,1210,Georgia Tech
1988,W06,1281,Missouri
1988,W07,1374,SMU
1988,W08,1207,Georgetown
1988,W09,1261,LSU
1988,W10,1323,Notre Dame
1988,W11,1348,Rhode Island
1988,W12,1235,Iowa St
1988,W13,1350,Richmond
1988,W14,1299,NC A&T
1988,W15,1131,Boston Univ
1988,W16,1250,Lehigh
1988,X01,1345,Purdue
1988,X02,1338,Pittsburgh
1988,X03,1301,NC State
1988,X04,1243,Kansas St
1988,X05,1177,DePaul
1988,X06,1242,Kansas
1988,X07,1435,Vanderbilt
1988,X08,1124,Baylor
1988,X09,1272,Memphis
1988,X10,1429,Utah St
1988,X11,1462,Xavier
1988,X12,1455,Wichita St
1988,X13,1247,La Salle
1988,X14,1293,Murray St
1988,X15,1185,E Michigan
1988,X16,1192,F Dickinson
1988,Y01,1328,Oklahoma
1988,Y02,1246,Kentucky
1988,Y03,1228,Illinois
1988,Y04,1140,BYU
1988,Y05,1257,Louisville
1988,Y06,1437,Villanova
1988,Y07,1268,Maryland
1988,Y08,1120,Auburn
1988,Y09,1133,Bradley
1988,Y10,1364,UC Santa Barbara
1988,Y11,1116,Arkansas
1988,Y12,1333,Oregon St
1988,Y13,1150,Charlotte
1988,Y14,1427,UT San Antonio
1988,Y15,1380,Southern Univ
1988,Y16,1151,Chattanooga
1988,Z01,1112,Arizona
1988,Z02,1314,North Carolina
1988,Z03,1276,Michigan
1988,Z04,1424,UNLV
1988,Z05,1234,Iowa
1988,Z06,1196,Florida
1988,Z07,1461,Wyoming
1988,Z08,1371,Seton Hall
1988,Z09,1431,UTEP
1988,Z10,1258,Loy Marymount
1988,Z11,1385,St John's
1988,Z12,1199,Florida St
1988,Z13,1283,Missouri St
1988,Z14,1129,Boise St
1988,Z15,1317,North Texas
1988,Z16,1165,Cornell
1989,W01,1207,Georgetown
1989,W02,1181,Duke
1989,W03,1390,Stanford
1989,W04,1234,Iowa
1989,W05,1301,NC State
1989,W06,1243,Kansas St
1989,W07,1452,West Virginia
1989,W08,1435,Vanderbilt
1989,W09,1323,Notre Dame
1989,W10,1397,Tennessee
1989,W11,1278,Minnesota
1989,W12,1376,South Carolina
1989,W13,1353,Rutgers
1989,W14,1373,Siena
1989,W15,1354,S Carolina St
1989,W16,1343,Princeton
1989,X01,1112,Arizona
1989,X02,1231,Indiana
1989,X03,1371,Seton Hall
1989,X04,1424,UNLV
1989,X05,1272,Memphis
1989,X06,1333,Oregon St
1989,X07,1431,UTEP
1989,X08,1388,St Mary's CA
1989,X09,1155,Clemson
1989,X10,1261,LSU
1989,X11,1191,Evansville
1989,X12,1177,DePaul
1989,X13,1225,Idaho
1989,X14,1283,Missouri St
1989,X15,1206,George Mason
1989,X16,1352,Robert Morris
1989,Y01,1228,Illinois
1989,Y02,1393,Syracuse
1989,Y03,1281,Missouri
1989,Y04,1257,Louisville
1989,Y05,1116,Arkansas
1989,Y06,1210,Georgia Tech
1989,Y07,1196,Florida
1989,Y08,1338,Pittsburgh
1989,Y09,1123,Ball St
1989,Y10,1161,Colorado St
1989,Y11,1400,Texas
1989,Y12,1258,Loy Marymount
1989,Y13,1114,Ark Little Rock
1989,Y14,1166,Creighton
1989,Y15,1137,Bucknell
1989,Y16,1270,McNeese St
1989,Z01,1328,Oklahoma
1989,Z02,1314,North Carolina
1989,Z03,1276,Michigan
1989,Z04,1199,Florida St
1989,Z05,1438,Virginia
1989,Z06,1104,Alabama
1989,Z07,1417,UCLA
1989,Z08,1247,La Salle
1989,Z09,1256,Louisiana Tech
1989,Z10,1235,Iowa St
1989,Z11,1375,South Alabama
1989,Z12,1344,Providence
1989,Z13,1292,MTSU
1989,Z14,1462,Xavier
1989,Z15,1380,Southern Univ
1989,Z16,1190,ETSU
1990,W01,1163,Connecticut
1990,W02,1242,Kansas
1990,W03,1181,Duke
1990,W04,1247,La Salle
1990,W05,1155,Clemson
1990,W06,1385,St John's
1990,W07,1417,UCLA
1990,W08,1231,Indiana
1990,W09,1143,California
1990,W10,1412,UAB
1990,W11,1396,Temple
1990,W12,1140,BYU
1990,W13,1379,Southern Miss
1990,W14,1350,Richmond
1990,W15,1352,Robert Morris
1990,W16,1131,Boston Univ
1990,X01,1328,Oklahoma
1990,X02,1345,Purdue
1990,X03,1207,Georgetown
1990,X04,1116,Arkansas
1990,X05,1228,Illinois
1990,X06,1462,Xavier
1990,X07,1208,Georgia
1990,X08,1314,North Carolina
1990,X09,1283,Missouri St
1990,X10,1400,Texas
1990,X11,1243,Kansas St
1990,X12,1173,Dayton
1990,X13,1343,Princeton
1990,X14,1411,TX Southern
1990,X15,1419,ULM
1990,X16,1406,Towson
1990,Y01,1277,Michigan St
1990,Y02,1393,Syracuse
1990,Y03,1281,Missouri
1990,Y04,1210,Georgia Tech
1990,Y05,1261,LSU
1990,Y06,1278,Minnesota
1990,Y07,1438,Virginia
1990,Y08,1222,Houston
1990,Y09,1364,UC Santa Barbara
1990,Y10,1323,Notre Dame
1990,Y11,1431,UTEP
1990,Y12,1437,Villanova
1990,Y13,1190,ETSU
1990,Y14,1320,Northern Iowa
1990,Y15,1164,Coppin St
1990,Y16,1293,Murray St
1990,Z01,1424,UNLV
1990,Z02,1112,Arizona
1990,Z03,1276,Michigan
1990,Z04,1257,Louisville
1990,Z05,1333,Oregon St
1990,Z06,1308,New Mexico St
1990,Z07,1104,Alabama
1990,Z08,1326,Ohio St
1990,Z09,1344,Providence
1990,Z10,1161,Colorado St
1990,Z11,1258,Loy Marymount
1990,Z12,1123,Ball St
1990,Z13,1225,Idaho
1990,Z14,1229,Illinois St
1990,Z15,1378,South Florida
1990,Z16,1114,Ark Little Rock
1991,W01,1314,North Carolina
1991,W02,1393,Syracuse
1991,W03,1329,Oklahoma St
1991,W04,1417,UCLA
1991,W05,1280,Mississippi St
1991,W06,1301,NC State
1991,W07,1345,Purdue
1991,W08,1343,Princeton
1991,W09,1437,Villanova
1991,W10,1396,Temple
1991,W11,1379,Southern Miss
1991,W12,1185,E Michigan
1991,W13,1336,Penn St
1991,W14,1307,New Mexico
1991,W15,1350,Richmond
1991,W16,1318,Northeastern
1991,X01,1116,Arkansas
1991,X02,1231,Indiana
1991,X03,1242,Kansas
1991,X04,1104,Alabama
1991,X05,1448,Wake Forest
1991,X06,1338,Pittsburgh
1991,X07,1199,Florida St
1991,X08,1113,Arizona St
1991,X09,1353,Rutgers
1991,X10,1425,USC
1991,X11,1208,Georgia
1991,X12,1256,Louisiana Tech
1991,X13,1293,Murray St
1991,X14,1309,New Orleans
1991,X15,1157,Coastal Car
1991,X16,1209,Georgia St
1991,Y01,1326,Ohio St
1991,Y02,1181,Duke
1991,Y03,1304,Nebraska
1991,Y04,1385,St John's
1991,Y05,1400,Texas
1991,Y06,1261,LSU
1991,Y07,1234,Iowa
1991,Y08,1210,Georgia Tech
1991,Y09,1177,DePaul
1991,Y10,1190,ETSU
1991,Y11,1163,Connecticut
1991,Y12,1389,St Peter's
1991,Y13,1296,N Illinois
1991,Y14,1462,Xavier
1991,Y15,1419,ULM
1991,Y16,1406,Towson
1991,Z01,1424,UNLV
1991,Z02,1112,Arizona
1991,Z03,1371,Seton Hall
1991,Z04,1428,Utah
1991,Z05,1277,Michigan St
1991,Z06,1308,New Mexico St
1991,Z07,1438,Virginia
1991,Z08,1207,Georgetown
1991,Z09,1435,Vanderbilt
1991,Z10,1140,BYU
1991,Z11,1166,Creighton
1991,Z12,1453,WI Green Bay
1991,Z13,1375,South Alabama
1991,Z14,1337,Pepperdine
1991,Z15,1384,St Francis PA
1991,Z16,1285,Montana
1992,W01,1181,Duke
1992,W02,1246,Kentucky
1992,W03,1269,Massachusetts
1992,W04,1371,Seton Hall
1992,W05,1281,Missouri
1992,W06,1393,Syracuse
1992,W07,1150,Charlotte
1992,W08,1400,Texas
1992,W09,1234,Iowa
1992,W10,1235,Iowa St
1992,W11,1343,Princeton
1992,W12,1452,West Virginia
1992,W13,1247,La Salle
1992,W14,1200,Fordham
1992,W15,1330,Old Dominion
1992,W16,1144,Campbell
1992,X01,1417,UCLA
1992,X02,1231,Indiana
1992,X03,1199,Florida St
1992,X04,1328,Oklahoma
1992,X05,1177,DePaul
1992,X06,1207,Georgetown
1992,X07,1261,LSU
1992,X08,1257,Louisville
1992,X09,1448,Wake Forest
1992,X10,1140,BYU
1992,X11,1378,South Florida
1992,X12,1308,New Mexico St
1992,X13,1418,Louisiana
1992,X14,1285,Montana
1992,X15,1183,E Illinois
1992,X16,1352,Robert Morris
1992,Y01,1242,Kansas
1992,Y02,1425,USC
1992,Y03,1116,Arkansas
1992,Y04,1153,Cincinnati
1992,Y05,1277,Michigan St
1992,Y06,1272,Memphis
1992,Y07,1210,Georgia Tech
1992,Y08,1191,Evansville
1992,Y09,1431,UTEP
1992,Y10,1222,Houston
1992,Y11,1337,Pepperdine
1992,Y12,1283,Missouri St
1992,Y13,1174,Delaware
1992,Y14,1293,Murray St
1992,Y15,1419,ULM
1992,Y16,1224,Howard
1992,Z01,1326,Ohio St
1992,Z02,1329,Oklahoma St
1992,Z03,1112,Arizona
1992,Z04,1314,North Carolina
1992,Z05,1104,Alabama
1992,Z06,1276,Michigan
1992,Z07,1385,St John's
1992,Z08,1304,Nebraska
1992,Z09,1163,Connecticut
1992,Z10,1408,Tulane
1992,Z11,1396,Temple
1992,Z12,1390,Stanford
1992,Z13,1275,Miami OH
1992,Z14,1190,ETSU
1992,Z15,1204,Ga Southern
1992,Z16,1290,MS Valley St
1993,W01,1314,North Carolina
1993,W02,1153,Cincinnati
1993,W03,1269,Massachusetts
1993,W04,1116,Arkansas
1993,W05,1385,St John's
1993,W06,1438,Virginia
1993,W07,1308,New Mexico St
1993,W08,1348,Rhode Island
1993,W09,1345,Purdue
1993,W10,1304,Nebraska
1993,W11,1264,Manhattan
1993,W12,1403,Texas Tech
1993,W13,1221,Holy Cross
1993,W14,1335,Penn
1993,W15,1164,Coppin St
1993,W16,1187,East Carolina
1993,X01,1231,Indiana
1993,X02,1242,Kansas
1993,X03,1181,Duke
1993,X04,1257,Louisville
1993,X05,1329,Oklahoma St
1993,X06,1143,California
1993,X07,1140,BYU
1993,X08,1309,New Orleans
1993,X09,1462,Xavier
1993,X10,1374,SMU
1993,X11,1261,LSU
1993,X12,1266,Marquette
1993,X13,1174,Delaware
1993,X14,1356,S Illinois
1993,X15,1123,Ball St
1993,X16,1460,Wright St
1993,Y01,1246,Kentucky
1993,Y02,1371,Seton Hall
1993,Y03,1199,Florida St
1993,Y04,1234,Iowa
1993,Y05,1448,Wake Forest
1993,Y06,1243,Kansas St
1993,Y07,1443,WKU
1993,Y08,1428,Utah
1993,Y09,1338,Pittsburgh
1993,Y10,1272,Memphis
1993,Y11,1408,Tulane
1993,Y12,1151,Chattanooga
1993,Y13,1419,ULM
1993,Y14,1191,Evansville
1993,Y15,1398,Tennessee St
1993,Y16,1351,Rider
1993,Z01,1276,Michigan
1993,Z02,1112,Arizona
1993,Z03,1435,Vanderbilt
1993,Z04,1210,Georgia Tech
1993,Z05,1307,New Mexico
1993,Z06,1228,Illinois
1993,Z07,1396,Temple
1993,Z08,1235,Iowa St
1993,Z09,1417,UCLA
1993,Z10,1281,Missouri
1993,Z11,1253,Long Beach St
1993,Z12,1203,G Washington
1993,Z13,1380,Southern Univ
1993,Z14,1129,Boise St
1993,Z15,1365,Santa Clara
1993,Z16,1157,Coastal Car
1994,W01,1314,North Carolina
1994,W02,1163,Connecticut
1994,W03,1196,Florida
1994,W04,1396,Temple
1994,W05,1231,Indiana
1994,W06,1304,Nebraska
1994,W07,1412,UAB
1994,W08,1450,Washington St
1994,W09,1130,Boston College
1994,W10,1203,G Washington
1994,W11,1335,Penn
1994,W12,1325,Ohio
1994,W13,1180,Drexel
1994,W14,1241,James Madison
1994,W15,1351,Rider
1994,W16,1251,Liberty
1994,X01,1345,Purdue
1994,X02,1181,Duke
1994,X03,1246,Kentucky
1994,X04,1242,Kansas
1994,X05,1448,Wake Forest
1994,X06,1266,Marquette
1994,X07,1277,Michigan St
1994,X08,1344,Providence
1994,X09,1104,Alabama
1994,X10,1371,Seton Hall
1994,X11,1418,Louisiana
1994,X12,1158,Col Charleston
1994,X13,1151,Chattanooga
1994,X14,1398,Tennessee St
1994,X15,1411,TX Southern
1994,X16,1416,UCF
1994,Y01,1116,Arkansas
1994,Y02,1269,Massachusetts
1994,Y03,1276,Michigan
1994,Y04,1329,Oklahoma St
1994,Y05,1417,UCLA
1994,Y06,1400,Texas
1994,Y07,1387,St Louis
1994,Y08,1228,Illinois
1994,Y09,1207,Georgetown
1994,Y10,1268,Maryland
1994,Y11,1443,WKU
1994,Y12,1409,Tulsa
1994,Y13,1308,New Mexico St
1994,Y14,1337,Pepperdine
1994,Y15,1402,Texas St
1994,Y16,1299,NC A&T
1994,Z01,1281,Missouri
1994,Z02,1112,Arizona
1994,Z03,1257,Louisville
1994,Z04,1393,Syracuse
1994,Z05,1143,California
1994,Z06,1278,Minnesota
1994,Z07,1438,Virginia
1994,Z08,1153,Cincinnati
1994,Z09,1458,Wisconsin
1994,Z10,1307,New Mexico
1994,Z11,1356,S Illinois
1994,Z12,1453,WI Green Bay
1994,Z13,1218,Hawaii
1994,Z14,1129,Boise St
1994,Z15,1259,Loyola MD
1994,Z16,1298,Navy
1995,W01,1448,Wake Forest
1995,W02,1269,Massachusetts
1995,W03,1437,Villanova
1995,W04,1329,Oklahoma St
1995,W05,1104,Alabama
1995,W06,1409,Tulsa
1995,W07,1150,Charlotte
1995,W08,1278,Minnesota
1995,W09,1387,St Louis
1995,W10,1390,Stanford
1995,W11,1228,Illinois
1995,W12,1335,Penn
1995,W13,1180,Drexel
1995,W14,1330,Old Dominion
1995,W15,1389,St Peter's
1995,W16,1299,NC A&T
1995,X01,1417,UCLA
1995,X02,1163,Connecticut
1995,X03,1268,Maryland
1995,X04,1428,Utah
1995,X05,1280,Mississippi St
1995,X06,1332,Oregon
1995,X07,1153,Cincinnati
1995,X08,1281,Missouri
1995,X09,1231,Indiana
1995,X10,1396,Temple
1995,X11,1400,Texas
1995,X12,1365,Santa Clara
1995,X13,1253,Long Beach St
1995,X14,1211,Gonzaga
1995,X15,1151,Chattanooga
1995,X16,1198,Florida Intl
1995,Y01,1242,Kansas
1995,Y02,1116,Arkansas
1995,Y03,1345,Purdue
1995,Y04,1438,Virginia
1995,Y05,1112,Arizona
1995,Y06,1272,Memphis
1995,Y07,1393,Syracuse
1995,Y08,1443,WKU
1995,Y09,1276,Michigan
1995,Y10,1356,S Illinois
1995,Y11,1257,Louisville
1995,Y12,1275,Miami OH
1995,Y13,1311,Nicholls St
1995,Y14,1453,WI Green Bay
1995,Y15,1411,TX Southern
1995,Y16,1159,Colgate
1995,Z01,1246,Kentucky
1995,Z02,1314,North Carolina
1995,Z03,1277,Michigan St
1995,Z04,1328,Oklahoma
1995,Z05,1113,Arizona St
1995,Z06,1207,Georgetown
1995,Z07,1235,Iowa St
1995,Z08,1140,BYU
1995,Z09,1408,Tulane
1995,Z10,1196,Florida
1995,Z11,1462,Xavier
1995,Z12,1123,Ball St
1995,Z13,1264,Manhattan
1995,Z14,1451,Weber St
1995,Z15,1293,Murray St
1995,Z16,1291,Mt St Mary's
1996,W01,1269,Massachusetts
1996,W02,1207,Georgetown
1996,W03,1403,Texas Tech
1996,W04,1266,Marquette
1996,W05,1336,Penn St
1996,W06,1314,North Carolina
1996,W07,1307,New Mexico
1996,W08,1133,Bradley
1996,W09,1390,Stanford
1996,W10,1243,Kansas St
1996,W11,1309,New Orleans
1996,W12,1116,Arkansas
1996,W13,1284,Monmouth NJ
1996,W14,1296,N Illinois
1996,W15,1290,MS Valley St
1996,W16,1416,UCF
1996,X01,1246,Kentucky
1996,X02,1448,Wake Forest
1996,X03,1437,Villanova
1996,X04,1428,Utah
1996,X05,1235,Iowa St
1996,X06,1257,Louisville
1996,X07,1276,Michigan
1996,X08,1453,WI Green Bay
1996,X09,1439,Virginia Tech
1996,X10,1400,Texas
1996,X11,1409,Tulsa
1996,X12,1143,California
1996,X13,1145,Canisius
1996,X14,1339,Portland
1996,X15,1419,ULM
1996,X16,1363,San Jose St
1996,Y01,1163,Connecticut
1996,Y02,1153,Cincinnati
1996,Y03,1210,Georgia Tech
1996,Y04,1417,UCLA
1996,Y05,1280,Mississippi St
1996,Y06,1231,Indiana
1996,Y07,1396,Temple
1996,Y08,1181,Duke
1996,Y09,1185,E Michigan
1996,Y10,1328,Oklahoma
1996,Y11,1130,Boston College
1996,Y12,1433,VCU
1996,Y13,1343,Princeton
1996,Y14,1122,Austin Peay
1996,Y15,1422,UNC Greensboro
1996,Y16,1159,Colgate
1996,Z01,1345,Purdue
1996,Z02,1242,Kansas
1996,Z03,1112,Arizona
1996,Z04,1393,Syracuse
1996,Z05,1272,Memphis
1996,Z06,1234,Iowa
1996,Z07,1268,Maryland
1996,Z08,1208,Georgia
1996,Z09,1155,Clemson
1996,Z10,1365,Santa Clara
1996,Z11,1203,G Washington
1996,Z12,1180,Drexel
1996,Z13,1286,Montana St
1996,Z14,1434,Valparaiso
1996,Z15,1354,S Carolina St
1996,Z16,1441,W Carolina
1997,W01,1314,North Carolina
1997,W02,1376,South Carolina
1997,W03,1307,New Mexico
1997,W04,1437,Villanova
1997,W05,1143,California
1997,W06,1257,Louisville
1997,W07,1458,Wisconsin
1997,W08,1231,Indiana
1997,W09,1160,Colorado
1997,W10,1400,Texas
1997,W11,1269,Massachusetts
1997,W12,1343,Princeton
1997,W13,1254,LIU Brooklyn
1997,W14,1330,Old Dominion
1997,W15,1164,Coppin St
1997,W16,1193,Fairfield
1997,X01,1242,Kansas
1997,X02,1181,Duke
1997,X03,1208,Georgia
1997,X04,1112,Arizona
1997,X05,1268,Maryland
1997,X06,1228,Illinois
1997,X07,1266,Marquette
1997,X08,1345,Purdue
1997,X09,1348,Rhode Island
1997,X10,1344,Providence
1997,X11,1425,USC
1997,X12,1158,Col Charleston
1997,X13,1375,South Alabama
1997,X14,1151,Chattanooga
1997,X15,1293,Murray St
1997,X16,1238,Jackson St
1997,Y01,1278,Minnesota
1997,Y02,1417,UCLA
1997,Y03,1153,Cincinnati
1997,Y04,1155,Clemson
1997,Y05,1409,Tulsa
1997,Y06,1235,Iowa St
1997,Y07,1462,Xavier
1997,Y08,1279,Mississippi
1997,Y09,1396,Temple
1997,Y10,1435,Vanderbilt
1997,Y11,1229,Illinois St
1997,Y12,1131,Boston Univ
1997,Y13,1275,Miami OH
1997,Y14,1139,Butler
1997,Y15,1149,Charleston So
1997,Y16,1402,Texas St
1997,Z01,1246,Kentucky
1997,Z02,1428,Utah
1997,Z03,1448,Wake Forest
1997,Z04,1386,St Joseph's PA
1997,Z05,1130,Boston College
1997,Z06,1390,Stanford
1997,Z07,1150,Charlotte
1997,Z08,1234,Iowa
1997,Z09,1438,Virginia
1997,Z10,1207,Georgetown
1997,Z11,1328,Oklahoma
1997,Z12,1434,Valparaiso
1997,Z13,1334,Pacific
1997,Z14,1388,St Mary's CA
1997,Z15,1298,Navy
1997,Z16,1285,Montana
1998,W01,1314,North Carolina
1998,W02,1163,Connecticut
1998,W03,1376,South Carolina
1998,W04,1277,Michigan St
1998,W05,1343,Princeton
1998,W06,1462,Xavier
1998,W07,1231,Indiana
1998,W08,1150,Charlotte
1998,W09,1227,IL Chicago
1998,W10,1328,Oklahoma
1998,W11,1449,Washington
1998,W12,1424,UNLV
1998,W13,1185,E Michigan
1998,W14,1350,Richmond
1998,W15,1192,F Dickinson
1998,W16,1298,Navy
1998,X01,1112,Arizona
1998,X02,1153,Cincinnati
1998,X03,1428,Utah
1998,X04,1268,Maryland
1998,X05,1228,Illinois
1998,X06,1116,Arkansas
1998,X07,1396,Temple
1998,X08,1397,Tennessee
1998,X09,1229,Illinois St
1998,X10,1452,West Virginia
1998,X11,1304,Nebraska
1998,X12,1375,South Alabama
1998,X13,1429,Utah St
1998,X14,1362,San Francisco
1998,X15,1319,Northern Arizona
1998,X16,1311,Nicholls St
1998,Y01,1242,Kansas
1998,Y02,1345,Purdue
1998,Y03,1390,Stanford
1998,Y04,1279,Mississippi
1998,Y05,1395,TCU
1998,Y06,1155,Clemson
1998,Y07,1385,St John's
1998,Y08,1348,Rhode Island
1998,Y09,1293,Murray St
1998,Y10,1178,Detroit
1998,Y11,1444,W Michigan
1998,Y12,1199,Florida St
1998,Y13,1434,Valparaiso
1998,Y14,1158,Col Charleston
1998,Y15,1174,Delaware
1998,Y16,1341,Prairie View
1998,Z01,1181,Duke
1998,Z02,1246,Kentucky
1998,Z03,1276,Michigan
1998,Z04,1307,New Mexico
1998,Z05,1393,Syracuse
1998,Z06,1417,UCLA
1998,Z07,1269,Massachusetts
1998,Z08,1329,Oklahoma St
1998,Z09,1203,G Washington
1998,Z10,1387,St Louis
1998,Z11,1274,Miami FL
1998,Z12,1233,Iona
1998,Z13,1139,Butler
1998,Z14,1172,Davidson
1998,Z15,1354,S Carolina St
1998,Z16,1347,Radford
1999,W01,1181,Duke
1999,W02,1274,Miami FL
1999,W03,1153,Cincinnati
1999,W04,1397,Tennessee
1999,W05,1458,Wisconsin
1999,W06,1396,Temple
1999,W07,1400,Texas
1999,W08,1158,Col Charleston
1999,W09,1409,Tulsa
1999,W10,1345,Purdue
1999,W11,1245,Kent
1999,W12,1283,Missouri St
1999,W13,1174,Delaware
1999,W14,1206,George Mason
1999,W15,1248,Lafayette
1999,W16,1197,Florida A&M
1999,X01,1277,Michigan St
1999,X02,1428,Utah
1999,X03,1246,Kentucky
1999,X04,1112,Arizona
1999,X05,1150,Charlotte
1999,X06,1242,Kansas
1999,X07,1449,Washington
1999,X08,1437,Villanova
1999,X09,1279,Mississippi
1999,X10,1275,Miami OH
1999,X11,1191,Evansville
1999,X12,1348,Rhode Island
1999,X13,1328,Oklahoma
1999,X14,1308,New Mexico St
1999,X15,1117,Arkansas St
1999,X16,1291,Mt St Mary's
1999,Y01,1120,Auburn
1999,Y02,1268,Maryland
1999,Y03,1385,St John's
1999,Y04,1326,Ohio St
1999,Y05,1417,UCLA
1999,Y06,1231,Indiana
1999,Y07,1257,Louisville
1999,Y08,1393,Syracuse
1999,Y09,1329,Oklahoma St
1999,Y10,1166,Creighton
1999,Y11,1203,G Washington
1999,Y12,1178,Detroit
1999,Y13,1293,Murray St
1999,Y14,1359,Samford
1999,Y15,1434,Valparaiso
1999,Y16,1457,Winthrop
1999,Z01,1163,Connecticut
1999,Z02,1390,Stanford
1999,Z03,1314,North Carolina
1999,Z04,1116,Arkansas
1999,Z05,1234,Iowa
1999,Z06,1196,Florida
1999,Z07,1278,Minnesota
1999,Z08,1281,Missouri
1999,Z09,1307,New Mexico
1999,Z10,1211,Gonzaga
1999,Z11,1335,Penn
1999,Z12,1412,UAB
1999,Z13,1373,Siena
1999,Z14,1451,Weber St
1999,Z15,1108,Alcorn St
1999,Z16,1427,UT San Antonio
2000,W01,1181,Duke
2000,W02,1396,Temple
2000,W03,1329,Oklahoma St
2000,W04,1228,Illinois
2000,W05,1196,Florida
2000,W06,1231,Indiana
2000,W07,1332,Oregon
2000,W08,1242,Kansas
2000,W09,1177,DePaul
2000,W10,1371,Seton Hall
2000,W11,1337,Pepperdine
2000,W12,1139,Butler
2000,W13,1335,Penn
2000,W14,1220,Hofstra
2000,W15,1248,Lafayette
2000,W16,1249,Lamar
2000,X01,1390,Stanford
2000,X02,1153,Cincinnati
2000,X03,1326,Ohio St
2000,X04,1397,Tennessee
2000,X05,1163,Connecticut
2000,X06,1274,Miami FL
2000,X07,1409,Tulsa
2000,X08,1314,North Carolina
2000,X09,1281,Missouri
2000,X10,1424,UNLV
2000,X11,1116,Arkansas
2000,X12,1429,Utah St
2000,X13,1418,Louisiana
2000,X14,1111,Appalachian St
2000,X15,1423,UNC Wilmington
2000,X16,1354,S Carolina St
2000,Y01,1277,Michigan St
2000,Y02,1235,Iowa St
2000,Y03,1268,Maryland
2000,Y04,1393,Syracuse
2000,Y05,1246,Kentucky
2000,Y06,1417,UCLA
2000,Y07,1120,Auburn
2000,Y08,1428,Utah
2000,Y09,1387,St Louis
2000,Y10,1166,Creighton
2000,Y11,1123,Ball St
2000,Y12,1382,St Bonaventure
2000,Y13,1359,Samford
2000,Y14,1233,Iona
2000,Y15,1148,Central Conn
2000,Y16,1434,Valparaiso
2000,Z01,1112,Arizona
2000,Z02,1385,St John's
2000,Z03,1328,Oklahoma
2000,Z04,1261,LSU
2000,Z05,1400,Texas
2000,Z06,1345,Purdue
2000,Z07,1257,Louisville
2000,Z08,1458,Wisconsin
2000,Z09,1201,Fresno St
2000,Z10,1211,Gonzaga
2000,Z11,1173,Dayton
2000,Z12,1232,Indiana St
2000,Z13,1369,SE Missouri St
2000,Z14,1457,Winthrop
2000,Z15,1319,Northern Arizona
2000,Z16,1238,Jackson St
2001,W01,1181,Duke
2001,W02,1246,Kentucky
2001,W03,1130,Boston College
2001,W04,1417,UCLA
2001,W05,1326,Ohio St
2001,W06,1425,USC
2001,W07,1234,Iowa
2001,W08,1208,Georgia
2001,W09,1281,Missouri
2001,W10,1166,Creighton
2001,W11,1329,Oklahoma St
2001,W12,1429,Utah St
2001,W13,1220,Hofstra
2001,W14,1381,Southern Utah
2001,W15,1221,Holy Cross
2001,W16,1284,Monmouth NJ
2001,X01,1390,Stanford
2001,X02,1235,Iowa St
2001,X03,1268,Maryland
2001,X04,1231,Indiana
2001,X05,1153,Cincinnati
2001,X06,1458,Wisconsin
2001,X07,1116,Arkansas
2001,X08,1210,Georgia Tech
2001,X09,1386,St Joseph's PA
2001,X10,1207,Georgetown
2001,X11,1209,Georgia St
2001,X12,1140,BYU
2001,X13,1245,Kent
2001,X14,1206,George Mason
2001,X15,1214,Hampton
2001,X16,1422,UNC Greensboro
2001,Y01,1228,Illinois
2001,Y02,1112,Arizona
2001,Y03,1279,Mississippi
2001,Y04,1242,Kansas
2001,Y05,1393,Syracuse
2001,Y06,1323,Notre Dame
2001,Y07,1448,Wake Forest
2001,Y08,1397,Tennessee
2001,Y09,1150,Charlotte
2001,Y10,1139,Butler
2001,Y11,1462,Xavier
2001,Y12,1218,Hawaii
2001,Y13,1169,CS Northridge
2001,Y14,1233,Iona
2001,Y15,1183,E Illinois
2001,Y16a,1322,Northwestern LA
2001,Y16b,1457,Winthrop
2001,Z01,1277,Michigan St
2001,Z02,1314,North Carolina
2001,Z03,1196,Florida
2001,Z04,1328,Oklahoma
2001,Z05,1438,Virginia
2001,Z06,1400,Texas
2001,Z07,1336,Penn St
2001,Z08,1143,California
2001,Z09,1201,Fresno St
2001,Z10,1344,Providence
2001,Z11,1396,Temple
2001,Z12,1211,Gonzaga
2001,Z13,1232,Indiana St
2001,Z14,1443,WKU
2001,Z15,1343,Princeton
2001,Z16,1106,Alabama St
2002,W01,1268,Maryland
2002,W02,1163,Connecticut
2002,W03,1208,Georgia
2002,W04,1246,Kentucky
2002,W05,1266,Marquette
2002,W06,1403,Texas Tech
2002,W07,1301,NC State
2002,W08,1458,Wisconsin
2002,W09,1385,St John's
2002,W10,1277,Michigan St
2002,W11,1356,S Illinois
2002,W12,1409,Tulsa
2002,W13,1434,Valparaiso
2002,W14,1293,Murray St
2002,W15,1214,Hampton
2002,W16a,1108,Alcorn St
2002,W16b,1373,Siena
2002,X01,1242,Kansas
2002,X02,1332,Oregon
2002,X03,1280,Mississippi St
2002,X04,1228,Illinois
2002,X05,1196,Florida
2002,X06,1400,Texas
2002,X07,1448,Wake Forest
2002,X08,1390,Stanford
2002,X09,1443,WKU
2002,X10,1337,Pepperdine
2002,X11,1130,Boston College
2002,X12,1166,Creighton
2002,X13,1361,San Diego St
2002,X14,1270,McNeese St
2002,X15,1285,Montana
2002,X16,1221,Holy Cross
2002,Y01,1181,Duke
2002,Y02,1104,Alabama
2002,Y03,1338,Pittsburgh
2002,Y04,1425,USC
2002,Y05,1231,Indiana
2002,Y06,1143,California
2002,Y07,1329,Oklahoma St
2002,Y08,1323,Notre Dame
2002,Y09,1150,Charlotte
2002,Y10,1245,Kent
2002,Y11,1335,Penn
2002,Y12,1428,Utah
2002,Y13,1423,UNC Wilmington
2002,Y14,1148,Central Conn
2002,Y15,1194,FL Atlantic
2002,Y16,1457,Winthrop
2002,Z01,1153,Cincinnati
2002,Z02,1328,Oklahoma
2002,Z03,1112,Arizona
2002,Z04,1326,Ohio St
2002,Z05,1274,Miami FL
2002,Z06,1211,Gonzaga
2002,Z07,1462,Xavier
2002,Z08,1417,UCLA
2002,Z09,1279,Mississippi
2002,Z10,1218,Hawaii
2002,Z11,1461,Wyoming
2002,Z12,1281,Missouri
2002,Z13,1172,Davidson
2002,Z14,1364,UC Santa Barbara
2002,Z15,1227,IL Chicago
2002,Z16,1131,Boston Univ
2003,W01,1328,Oklahoma
2003,W02,1448,Wake Forest
2003,W03,1393,Syracuse
2003,W04,1257,Louisville
2003,W05,1280,Mississippi St
2003,W06,1329,Oklahoma St
2003,W07,1386,St Joseph's PA
2003,W08,1143,California
2003,W09,1301,NC State
2003,W10,1120,Auburn
2003,W11,1335,Penn
2003,W12,1139,Butler
2003,W13,1122,Austin Peay
2003,W14,1264,Manhattan
2003,W15,1190,ETSU
2003,W16,1354,S Carolina St
2003,X01,1400,Texas
2003,X02,1196,Florida
2003,X03,1462,Xavier
2003,X04,1390,Stanford
2003,X05,1163,Connecticut
2003,X06,1268,Maryland
2003,X07,1277,Michigan St
2003,X08,1261,LSU
2003,X09,1345,Purdue
2003,X10,1160,Colorado
2003,X11,1423,UNC Wilmington
2003,X12,1140,BYU
2003,X13,1360,San Diego
2003,X14,1407,Troy
2003,X15,1358,Sam Houston St
2003,X16a,1411,TX Southern
2003,X16b,1421,UNC Asheville
2003,Y01,1246,Kentucky
2003,Y02,1338,Pittsburgh
2003,Y03,1266,Marquette
2003,Y04,1173,Dayton
2003,Y05,1458,Wisconsin
2003,Y06,1281,Missouri
2003,Y07,1231,Indiana
2003,Y08,1332,Oregon
2003,Y09,1428,Utah
2003,Y10,1104,Alabama
2003,Y11,1356,S Illinois
2003,Y12,1451,Weber St
2003,Y13,1409,Tulsa
2003,Y14,1221,Holy Cross
2003,Y15,1447,Wagner
2003,Y16,1237,IUPUI
2003,Z01,1112,Arizona
2003,Z02,1242,Kansas
2003,Z03,1181,Duke
2003,Z04,1228,Illinois
2003,Z05,1323,Notre Dame
2003,Z06,1166,Creighton
2003,Z07,1272,Memphis
2003,Z08,1153,Cincinnati
2003,Z09,1211,Gonzaga
2003,Z10,1113,Arizona St
2003,Z11,1141,C Michigan
2003,Z12,1454,WI Milwaukee
2003,Z13,1443,WKU
2003,Z14,1161,Colorado St
2003,Z15,1429,Utah St
2003,Z16,1436,Vermont
2004,W01,1181,Duke
2004,W02,1280,Mississippi St
2004,W03,1400,Texas
2004,W04,1153,Cincinnati
2004,W05,1228,Illinois
2004,W06,1314,North Carolina
2004,W07,1462,Xavier
2004,W08,1371,Seton Hall
2004,W09,1112,Arizona
2004,W10,1257,Louisville
2004,W11,1102,Air Force
2004,W12,1293,Murray St
2004,W13,1190,ETSU
2004,W14,1343,Princeton
2004,W15,1284,Monmouth NJ
2004,W16,1106,Alabama St
2004,X01,1390,Stanford
2004,X02,1163,Connecticut
2004,X03,1301,NC State
2004,X04,1268,Maryland
2004,X05,1393,Syracuse
2004,X06,1435,Vanderbilt
2004,X07,1177,DePaul
2004,X08,1104,Alabama
2004,X09,1356,S Illinois
2004,X10,1173,Dayton
2004,X11,1444,W Michigan
2004,X12,1140,BYU
2004,X13,1431,UTEP
2004,X14,1418,Louisiana
2004,X15,1436,Vermont
2004,X16,1427,UT San Antonio
2004,Y01,1386,St Joseph's PA
2004,Y02,1329,Oklahoma St
2004,Y03,1338,Pittsburgh
2004,Y04,1448,Wake Forest
2004,Y05,1196,Florida
2004,Y06,1458,Wisconsin
2004,Y07,1272,Memphis
2004,Y08,1403,Texas Tech
2004,Y09,1150,Charlotte
2004,Y10,1376,South Carolina
2004,Y11,1350,Richmond
2004,Y12,1264,Manhattan
2004,Y13,1433,VCU
2004,Y14,1416,UCF
2004,Y15,1186,E Washington
2004,Y16,1251,Liberty
2004,Z01,1246,Kentucky
2004,Z02,1211,Gonzaga
2004,Z03,1210,Georgia Tech
2004,Z04,1242,Kansas
2004,Z05,1344,Providence
2004,Z06,1130,Boston College
2004,Z07,1277,Michigan St
2004,Z08,1449,Washington
2004,Z09,1412,UAB
2004,Z10,1305,Nevada
2004,Z11,1428,Utah
2004,Z12,1334,Pacific
2004,Z13,1227,IL Chicago
2004,Z14,1320,Northern Iowa
2004,Z15,1434,Valparaiso
2004,Z16a,1197,Florida A&M
2004,Z16b,1250,Lehigh
2005,W01,1449,Washington
2005,W02,1448,Wake Forest
2005,W03,1211,Gonzaga
2005,W04,1257,Louisville
2005,W05,1210,Georgia Tech
2005,W06,1403,Texas Tech
2005,W07,1452,West Virginia
2005,W08,1334,Pacific
2005,W09,1338,Pittsburgh
2005,W10,1166,Creighton
2005,W11,1417,UCLA
2005,W12,1203,G Washington
2005,W13,1418,Louisiana
2005,W14,1457,Winthrop
2005,W15,1151,Chattanooga
2005,W16,1285,Montana
2005,X01,1228,Illinois
2005,X02,1329,Oklahoma St
2005,X03,1112,Arizona
2005,X04,1130,Boston College
2005,X05,1104,Alabama
2005,X06,1261,LSU
2005,X07,1356,S Illinois
2005,X08,1400,Texas
2005,X09,1305,Nevada
2005,X10,1388,St Mary's CA
2005,X11,1412,UAB
2005,X12,1454,WI Milwaukee
2005,X13,1335,Penn
2005,X14,1429,Utah St
2005,X15,1368,SE Louisiana
2005,X16,1192,F Dickinson
2005,Y01,1181,Duke
2005,Y02,1246,Kentucky
2005,Y03,1328,Oklahoma
2005,Y04,1393,Syracuse
2005,Y05,1277,Michigan St
2005,Y06,1428,Utah
2005,Y07,1153,Cincinnati
2005,Y08,1390,Stanford
2005,Y09,1280,Mississippi St
2005,Y10,1234,Iowa
2005,Y11,1431,UTEP
2005,Y12,1330,Old Dominion
2005,Y13,1436,Vermont
2005,Y14,1310,Niagara
2005,Y15,1184,E Kentucky
2005,Y16,1175,Delaware St
2005,Z01,1314,North Carolina
2005,Z02,1163,Connecticut
2005,Z03,1242,Kansas
2005,Z04,1196,Florida
2005,Z05,1437,Villanova
2005,Z06,1458,Wisconsin
2005,Z07,1150,Charlotte
2005,Z08,1278,Minnesota
2005,Z09,1235,Iowa St
2005,Z10,1301,NC State
2005,Z11,1320,Northern Iowa
2005,Z12,1307,New Mexico
2005,Z13,1325,Ohio
2005,Z14,1137,Bucknell
2005,Z15,1416,UCF
2005,Z16a,1105,Alabama A&M
2005,Z16b,1324,Oakland
2006,W01,1181,Duke
2006,W02,1400,Texas
2006,W03,1234,Iowa
2006,W04,1261,LSU
2006,W05,1393,Syracuse
2006,W06,1452,West Virginia
2006,W07,1143,California
2006,W08,1203,G Washington
2006,W09,1423,UNC Wilmington
2006,W10,1301,NC State
2006,W11,1356,S Illinois
2006,W12,1401,Texas A&M
2006,W13,1233,Iona
2006,W14,1322,Northwestern LA
2006,W15,1335,Penn
2006,W16,1380,Southern Univ
2006,X01,1272,Memphis
2006,X02,1417,UCLA
2006,X03,1211,Gonzaga
2006,X04,1242,Kansas
2006,X05,1338,Pittsburgh
2006,X06,1231,Indiana
2006,X07,1266,Marquette
2006,X08,1116,Arkansas
2006,X09,1137,Bucknell
2006,X10,1104,Alabama
2006,X11,1361,San Diego St
2006,X12,1245,Kent
2006,X13,1133,Bradley
2006,X14,1462,Xavier
2006,X15,1125,Belmont
2006,X16,1331,Oral Roberts
2006,Y01,1437,Villanova
2006,Y02,1326,Ohio St
2006,Y03,1196,Florida
2006,Y04,1130,Boston College
2006,Y05,1305,Nevada
2006,Y06,1328,Oklahoma
2006,Y07,1207,Georgetown
2006,Y08,1112,Arizona
2006,Y09,1458,Wisconsin
2006,Y10,1320,Northern Iowa
2006,Y11,1454,WI Milwaukee
2006,Y12,1285,Montana
2006,Y13,1334,Pacific
2006,Y14,1375,South Alabama
2006,Y15,1172,Davidson
2006,Y16a,1214,Hampton
2006,Y16b,1284,Monmouth NJ
2006,Z01,1163,Connecticut
2006,Z02,1397,Tennessee
2006,Z03,1314,North Carolina
2006,Z04,1228,Illinois
2006,Z05,1449,Washington
2006,Z06,1277,Michigan St
2006,Z07,1455,Wichita St
2006,Z08,1246,Kentucky
2006,Z09,1412,UAB
2006,Z10,1371,Seton Hall
2006,Z11,1206,George Mason
2006,Z12,1429,Utah St
2006,Z13,1102,Air Force
2006,Z14,1293,Murray St
2006,Z15,1457,Winthrop
2006,Z16,1107,SUNY Albany
2007,W01,1314,North Carolina
2007,W02,1207,Georgetown
2007,W03,1450,Washington St
2007,W04,1400,Texas
2007,W05,1425,USC
2007,W06,1435,Vanderbilt
2007,W07,1130,Boston College
2007,W08,1266,Marquette
2007,W09,1277,Michigan St
2007,W10,1403,Texas Tech
2007,W11,1203,G Washington
2007,W12,1116,Arkansas
2007,W13,1308,New Mexico St
2007,W14,1331,Oral Roberts
2007,W15,1125,Belmont
2007,W16,1184,E Kentucky
2007,X01,1326,Ohio St
2007,X02,1272,Memphis
2007,X03,1401,Texas A&M
2007,X04,1438,Virginia
2007,X05,1397,Tennessee
2007,X06,1257,Louisville
2007,X07,1305,Nevada
2007,X08,1140,BYU
2007,X09,1462,Xavier
2007,X10,1166,Creighton
2007,X11,1390,Stanford
2007,X12,1253,Long Beach St
2007,X13,1107,SUNY Albany
2007,X14,1335,Penn
2007,X15,1317,North Texas
2007,X16,1148,Central Conn
2007,Y01,1196,Florida
2007,Y02,1458,Wisconsin
2007,Y03,1332,Oregon
2007,Y04,1268,Maryland
2007,Y05,1139,Butler
2007,Y06,1323,Notre Dame
2007,Y07,1424,UNLV
2007,Y08,1112,Arizona
2007,Y09,1345,Purdue
2007,Y10,1210,Georgia Tech
2007,Y11,1457,Winthrop
2007,Y12,1330,Old Dominion
2007,Y13,1172,Davidson
2007,Y14,1275,Miami OH
2007,Y15,1394,TAM C. Christi
2007,Y16,1238,Jackson St
2007,Z01,1242,Kansas
2007,Z02,1417,UCLA
2007,Z03,1338,Pittsburgh
2007,Z04,1356,S Illinois
2007,Z05,1439,Virginia Tech
2007,Z06,1181,Duke
2007,Z07,1231,Indiana
2007,Z08,1246,Kentucky
2007,Z09,1437,Villanova
2007,Z10,1211,Gonzaga
2007,Z11,1433,VCU
2007,Z12,1228,Illinois
2007,Z13,1221,Holy Cross
2007,Z14,1460,Wright St
2007,Z15,1451,Weber St
2007,Z16a,1197,Florida A&M
2007,Z16b,1310,Niagara
2008,W01,1314,North Carolina
2008,W02,1397,Tennessee
2008,W03,1257,Louisville
2008,W04,1450,Washington St
2008,W05,1323,Notre Dame
2008,W06,1328,Oklahoma
2008,W07,1139,Butler
2008,W08,1231,Indiana
2008,W09,1116,Arkansas
2008,W10,1375,South Alabama
2008,W11,1386,St Joseph's PA
2008,W12,1206,George Mason
2008,W13,1457,Winthrop
2008,W14,1129,Boise St
2008,W15,1110,American Univ
2008,W16a,1164,Coppin St
2008,W16b,1291,Mt St Mary's
2008,X01,1242,Kansas
2008,X02,1207,Georgetown
2008,X03,1458,Wisconsin
2008,X04,1435,Vanderbilt
2008,X05,1155,Clemson
2008,X06,1425,USC
2008,X07,1211,Gonzaga
2008,X08,1424,UNLV
2008,X09,1245,Kent
2008,X10,1172,Davidson
2008,X11,1243,Kansas St
2008,X12,1437,Villanova
2008,X13,1373,Siena
2008,X14,1168,CS Fullerton
2008,X15,1420,UMBC
2008,X16,1340,Portland St
2008,Y01,1272,Memphis
2008,Y02,1400,Texas
2008,Y03,1390,Stanford
2008,Y04,1338,Pittsburgh
2008,Y05,1277,Michigan St
2008,Y06,1266,Marquette
2008,Y07,1274,Miami FL
2008,Y08,1280,Mississippi St
2008,Y09,1332,Oregon
2008,Y10,1388,St Mary's CA
2008,Y11,1246,Kentucky
2008,Y12,1396,Temple
2008,Y13,1331,Oral Roberts
2008,Y14,1165,Cornell
2008,Y15,1122,Austin Peay
2008,Y16,1426,UT Arlington
2008,Z01,1417,UCLA
2008,Z02,1181,Duke
2008,Z03,1462,Xavier
2008,Z04,1163,Connecticut
2008,Z05,1179,Drake
2008,Z06,1345,Purdue
2008,Z07,1452,West Virginia
2008,Z08,1140,BYU
2008,Z09,1401,Texas A&M
2008,Z10,1112,Arizona
2008,Z11,1124,Baylor
2008,Z12,1443,WKU
2008,Z13,1360,San Diego
2008,Z14,1208,Georgia
2008,Z15,1125,Belmont
2008,Z16,1290,MS Valley St
2009,W01,1338,Pittsburgh
2009,W02,1181,Duke
2009,W03,1437,Villanova
2009,W04,1462,Xavier
2009,W05,1199,Florida St
2009,W06,1417,UCLA
2009,W07,1400,Texas
2009,W08,1329,Oklahoma St
2009,W09,1397,Tennessee
2009,W10,1278,Minnesota
2009,W11,1433,VCU
2009,W12,1458,Wisconsin
2009,W13,1340,Portland St
2009,W14,1110,American Univ
2009,W15,1127,Binghamton
2009,W16,1190,ETSU
2009,X01,1314,North Carolina
2009,X02,1328,Oklahoma
2009,X03,1393,Syracuse
2009,X04,1211,Gonzaga
2009,X05,1228,Illinois
2009,X06,1113,Arizona St
2009,X07,1155,Clemson
2009,X08,1261,LSU
2009,X09,1139,Butler
2009,X10,1276,Michigan
2009,X11,1396,Temple
2009,X12,1443,WKU
2009,X13,1103,Akron
2009,X14,1372,SF Austin
2009,X15,1288,Morgan St
2009,X16,1347,Radford
2009,Y01,1257,Louisville
2009,Y02,1277,Michigan St
2009,Y03,1242,Kansas
2009,Y04,1448,Wake Forest
2009,Y05,1428,Utah
2009,Y06,1452,West Virginia
2009,Y07,1130,Boston College
2009,Y08,1326,Ohio St
2009,Y09,1373,Siena
2009,Y10,1425,USC
2009,Y11,1173,Dayton
2009,Y12,1112,Arizona
2009,Y13,1156,Cleveland St
2009,Y14,1295,N Dakota St
2009,Y15,1352,Robert Morris
2009,Y16a,1106,Alabama St
2009,Y16b,1287,Morehead St
2009,Z01,1163,Connecticut
2009,Z02,1272,Memphis
2009,Z03,1281,Missouri
2009,Z04,1449,Washington
2009,Z05,1345,Purdue
2009,Z06,1266,Marquette
2009,Z07,1143,California
2009,Z08,1140,BYU
2009,Z09,1401,Texas A&M
2009,Z10,1268,Maryland
2009,Z11,1429,Utah St
2009,Z12,1320,Northern Iowa
2009,Z13,1280,Mississippi St
2009,Z14,1165,Cornell
2009,Z15,1169,CS Northridge
2009,Z16,1151,Chattanooga
2010,W01,1246,Kentucky
2010,W02,1452,West Virginia
2010,W03,1307,New Mexico
2010,W04,1458,Wisconsin
2010,W05,1396,Temple
2010,W06,1266,Marquette
2010,W07,1155,Clemson
2010,W08,1400,Texas
2010,W09,1448,Wake Forest
2010,W10,1281,Missouri
2010,W11,1449,Washington
2010,W12,1165,Cornell
2010,W13,1459,Wofford
2010,W14,1285,Montana
2010,W15,1288,Morgan St
2010,W16,1190,ETSU
2010,X01,1181,Duke
2010,X02,1437,Villanova
2010,X03,1124,Baylor
2010,X04,1345,Purdue
2010,X05,1401,Texas A&M
2010,X06,1323,Notre Dame
2010,X07,1350,Richmond
2010,X08,1143,California
2010,X09,1257,Louisville
2010,X10,1388,St Mary's CA
2010,X11,1330,Old Dominion
2010,X12,1429,Utah St
2010,X13,1373,Siena
2010,X14,1358,Sam Houston St
2010,X15,1352,Robert Morris
2010,X16a,1115,Ark Pine Bluff
2010,X16b,1457,Winthrop
2010,Y01,1242,Kansas
2010,Y02,1326,Ohio St
2010,Y03,1207,Georgetown
2010,Y04,1268,Maryland
2010,Y05,1277,Michigan St
2010,Y06,1397,Tennessee
2010,Y07,1329,Oklahoma St
2010,Y08,1424,UNLV
2010,Y09,1320,Northern Iowa
2010,Y10,1210,Georgia Tech
2010,Y11,1361,San Diego St
2010,Y12,1308,New Mexico St
2010,Y13,1222,Houston
2010,Y14,1325,Ohio
2010,Y15,1364,UC Santa Barbara
2010,Y16,1250,Lehigh
2010,Z01,1393,Syracuse
2010,Z02,1243,Kansas St
2010,Z03,1338,Pittsburgh
2010,Z04,1435,Vanderbilt
2010,Z05,1139,Butler
2010,Z06,1462,Xavier
2010,Z07,1140,BYU
2010,Z08,1211,Gonzaga
2010,Z09,1199,Florida St
2010,Z10,1196,Florida
2010,Z11,1278,Minnesota
2010,Z12,1431,UTEP
2010,Z13,1293,Murray St
2010,Z14,1324,Oakland
2010,Z15,1317,North Texas
2010,Z16,1436,Vermont
2011,W01,1326,Ohio St
2011,W02,1314,North Carolina
2011,W03,1393,Syracuse
2011,W04,1246,Kentucky
2011,W05,1452,West Virginia
2011,W06,1462,Xavier
2011,W07,1449,Washington
2011,W08,1206,George Mason
2011,W09,1437,Villanova
2011,W10,1208,Georgia
2011,W11,1266,Marquette
2011,W12a,1155,Clemson
2011,W12b,1412,UAB
2011,W13,1343,Princeton
2011,W14,1232,Indiana St
2011,W15,1254,LIU Brooklyn
2011,W16a,1106,Alabama St
2011,W16b,1427,UT San Antonio
2011,X01,1181,Duke
2011,X02,1361,San Diego St
2011,X03,1163,Connecticut
2011,X04,1400,Texas
2011,X05,1112,Arizona
2011,X06,1153,Cincinnati
2011,X07,1396,Temple
2011,X08,1276,Michigan
2011,X09,1397,Tennessee
2011,X10,1336,Penn St
2011,X11,1281,Missouri
2011,X12,1272,Memphis
2011,X13,1324,Oakland
2011,X14,1137,Bucknell
2011,X15,1294,N Colorado
2011,X16,1214,Hampton
2011,Y01,1338,Pittsburgh
2011,Y02,1196,Florida
2011,Y03,1140,BYU
2011,Y04,1458,Wisconsin
2011,Y05,1243,Kansas St
2011,Y06,1385,St John's
2011,Y07,1417,UCLA
2011,Y08,1139,Butler
2011,Y09,1330,Old Dominion
2011,Y10,1277,Michigan St
2011,Y11,1211,Gonzaga
2011,Y12,1429,Utah St
2011,Y13,1125,Belmont
2011,Y14,1459,Wofford
2011,Y15,1364,UC Santa Barbara
2011,Y16a,1114,Ark Little Rock
2011,Y16b,1421,UNC Asheville
2011,Z01,1242,Kansas
2011,Z02,1323,Notre Dame
2011,Z03,1345,Purdue
2011,Z04,1257,Louisville
2011,Z05,1435,Vanderbilt
2011,Z06,1207,Georgetown
2011,Z07,1401,Texas A&M
2011,Z08,1424,UNLV
2011,Z09,1228,Illinois
2011,Z10,1199,Florida St
2011,Z11a,1425,USC
2011,Z11b,1433,VCU
2011,Z12,1350,Richmond
2011,Z13,1287,Morehead St
2011,Z14,1389,St Peter's
2011,Z15,1103,Akron
2011,Z16,1131,Boston Univ
2012,W01,1393,Syracuse
2012,W02,1326,Ohio St
2012,W03,1199,Florida St
2012,W04,1458,Wisconsin
2012,W05,1435,Vanderbilt
2012,W06,1153,Cincinnati
2012,W07,1211,Gonzaga
2012,W08,1243,Kansas St
2012,W09,1379,Southern Miss
2012,W10,1452,West Virginia
2012,W11,1400,Texas
2012,W12,1217,Harvard
2012,W13,1285,Montana
2012,W14,1382,St Bonaventure
2012,W15,1259,Loyola MD
2012,W16,1421,UNC Asheville
2012,X01,1314,North Carolina
2012,X02,1242,Kansas
2012,X03,1207,Georgetown
2012,X04,1276,Michigan
2012,X05,1396,Temple
2012,X06,1361,San Diego St
2012,X07,1388,St Mary's CA
2012,X08,1166,Creighton
2012,X09,1104,Alabama
2012,X10,1345,Purdue
2012,X11,1301,NC State
2012,X12a,1143,California
2012,X12b,1378,South Florida
2012,X13,1325,Ohio
2012,X14,1125,Belmont
2012,X15,1178,Detroit
2012,X16a,1249,Lamar
2012,X16b,1436,Vermont
2012,Y01,1246,Kentucky
2012,Y02,1181,Duke
2012,Y03,1124,Baylor
2012,Y04,1231,Indiana
2012,Y05,1455,Wichita St
2012,Y06,1424,UNLV
2012,Y07,1323,Notre Dame
2012,Y08,1235,Iowa St
2012,Y09,1163,Connecticut
2012,Y10,1462,Xavier
2012,Y11,1160,Colorado
2012,Y12,1433,VCU
2012,Y13,1308,New Mexico St
2012,Y14,1355,S Dakota St
2012,Y15,1250,Lehigh
2012,Y16a,1290,MS Valley St
2012,Y16b,1443,WKU
2012,Z01,1277,Michigan St
2012,Z02,1281,Missouri
2012,Z03,1266,Marquette
2012,Z04,1257,Louisville
2012,Z05,1307,New Mexico
2012,Z06,1293,Murray St
2012,Z07,1196,Florida
2012,Z08,1272,Memphis
2012,Z09,1387,St Louis
2012,Z10,1438,Virginia
2012,Z11,1161,Colorado St
2012,Z12,1253,Long Beach St
2012,Z13,1172,Davidson
2012,Z14a,1140,BYU
2012,Z14b,1233,Iona
2012,Z15,1313,Norfolk St
2012,Z16,1254,LIU Brooklyn
2013,W01,1231,Indiana
2013,W02,1274,Miami FL
2013,W03,1266,Marquette
2013,W04,1393,Syracuse
2013,W05,1424,UNLV
2013,W06,1139,Butler
2013,W07,1228,Illinois
2013,W08,1301,NC State
2013,W09,1396,Temple
2013,W10,1160,Colorado
2013,W11,1137,Bucknell
2013,W12,1143,California
2013,W13,1285,Montana
2013,W14,1172,Davidson
2013,W15,1334,Pacific
2013,W16a,1241,James Madison
2013,W16b,1254,LIU Brooklyn
2013,X01,1242,Kansas
2013,X02,1207,Georgetown
2013,X03,1196,Florida
2013,X04,1276,Michigan
2013,X05,1433,VCU
2013,X06,1417,UCLA
2013,X07,1361,San Diego St
2013,X08,1314,North Carolina
2013,X09,1437,Villanova
2013,X10,1328,Oklahoma
2013,X11,1278,Minnesota
2013,X12,1103,Akron
2013,X13,1355,S Dakota St
2013,X14,1322,Northwestern LA
2013,X15,1195,FGCU
2013,X16,1443,WKU
2013,Y01,1257,Louisville
2013,Y02,1181,Duke
2013,Y03,1277,Michigan St
2013,Y04,1387,St Louis
2013,Y05,1329,Oklahoma St
2013,Y06,1272,Memphis
2013,Y07,1166,Creighton
2013,Y08,1161,Colorado St
2013,Y09,1281,Missouri
2013,Y10,1153,Cincinnati
2013,Y11a,1292,MTSU
2013,Y11b,1388,St Mary's CA
2013,Y12,1332,Oregon
2013,Y13,1308,New Mexico St
2013,Y14,1434,Valparaiso
2013,Y15,1107,SUNY Albany
2013,Y16a,1251,Liberty
2013,Y16b,1299,NC A&T
2013,Z01,1211,Gonzaga
2013,Z02,1326,Ohio St
2013,Z03,1307,New Mexico
2013,Z04,1243,Kansas St
2013,Z05,1458,Wisconsin
2013,Z06,1112,Arizona
2013,Z07,1323,Notre Dame
2013,Z08,1338,Pittsburgh
2013,Z09,1455,Wichita St
2013,Z10,1235,Iowa St
2013,Z11,1125,Belmont
2013,Z12,1279,Mississippi
2013,Z13a,1129,Boise St
2013,Z13b,1247,La Salle
2013,Z14,1217,Harvard
2013,Z15,1233,Iona
2013,Z16,1380,Southern Univ
2014,W01,1438,Virginia
2014,W02,1437,Villanova
2014,W03,1235,Iowa St
2014,W04,1277,Michigan St
2014,W05,1153,Cincinnati
2014,W06,1314,North Carolina
2014,W07,1163,Connecticut
2014,W08,1272,Memphis
2014,W09,1203,G Washington
2014,W10,1386,St Joseph's PA
2014,W11,1344,Providence
2014,W12,1217,Harvard
2014,W13,1174,Delaware
2014,W14,1300,NC Central
2014,W15,1454,WI Milwaukee
2014,W16,1157,Coastal Car
2014,X01,1196,Florida
2014,X02,1242,Kansas
2014,X03,1393,Syracuse
2014,X04,1417,UCLA
2014,X05,1433,VCU
2014,X06,1326,Ohio St
2014,X07,1307,New Mexico
2014,X08,1160,Colorado
2014,X09,1338,Pittsburgh
2014,X10,1390,Stanford
2014,X11,1173,Dayton
2014,X12,1372,SF Austin
2014,X13,1409,Tulsa
2014,X14,1444,W Michigan
2014,X15,1184,E Kentucky
2014,X16a,1107,SUNY Albany
2014,X16b,1291,Mt St Mary's
2014,Y01,1455,Wichita St
2014,Y02,1276,Michigan
2014,Y03,1181,Duke
2014,Y04,1257,Louisville
2014,Y05,1387,St Louis
2014,Y06,1269,Massachusetts
2014,Y07,1400,Texas
2014,Y08,1246,Kentucky
2014,Y09,1243,Kansas St
2014,Y10,1113,Arizona St
2014,Y11a,1234,Iowa
2014,Y11b,1397,Tennessee
2014,Y12a,1301,NC State
2014,Y12b,1462,Xavier
2014,Y13,1264,Manhattan
2014,Y14,1273,Mercer
2014,Y15,1459,Wofford
2014,Y16a,1142,Cal Poly
2014,Y16b,1411,TX Southern
2014,Z01,1112,Arizona
2014,Z02,1458,Wisconsin
2014,Z03,1166,Creighton
2014,Z04,1361,San Diego St
2014,Z05,1328,Oklahoma
2014,Z06,1124,Baylor
2014,Z07,1332,Oregon
2014,Z08,1211,Gonzaga
2014,Z09,1329,Oklahoma St
2014,Z10,1140,BYU
2014,Z11,1304,Nebraska
2014,Z12,1295,N Dakota St
2014,Z13,1308,New Mexico St
2014,Z14,1418,Louisiana
2014,Z15,1110,American Univ
2014,Z16,1451,Weber St
2015,W01,1437,Villanova
2015,W02,1438,Virginia
2015,W03,1328,Oklahoma
2015,W04,1257,Louisville
2015,W05,1320,Northern Iowa
2015,W06,1344,Providence
2015,W07,1277,Michigan St
2015,W08,1301,NC State
2015,W09,1261,LSU
2015,W10,1208,Georgia
2015,W11a,1129,Boise St
2015,W11b,1173,Dayton
2015,W12,1461,Wyoming
2015,W13,1414,UC Irvine
2015,W14,1107,SUNY Albany
2015,W15,1125,Belmont
2015,W16,1248,Lafayette
2015,X01,1181,Duke
2015,X02,1211,Gonzaga
2015,X03,1235,Iowa St
2015,X04,1207,Georgetown
2015,X05,1428,Utah
2015,X06,1374,SMU
2015,X07,1234,Iowa
2015,X08,1361,San Diego St
2015,X09,1385,St John's
2015,X10,1172,Davidson
2015,X11,1417,UCLA
2015,X12,1372,SF Austin
2015,X13,1186,E Washington
2015,X14,1412,UAB
2015,X15,1295,N Dakota St
2015,X16a,1316,North Florida
2015,X16b,1352,Robert Morris
2015,Y01,1246,Kentucky
2015,Y02,1242,Kansas
2015,Y03,1323,Notre Dame
2015,Y04,1268,Maryland
2015,Y05,1452,West Virginia
2015,Y06,1139,Butler
2015,Y07,1455,Wichita St
2015,Y08,1153,Cincinnati
2015,Y09,1345,Purdue
2015,Y10,1231,Indiana
2015,Y11,1400,Texas
2015,Y12,1138,Buffalo
2015,Y13,1434,Valparaiso
2015,Y14,1318,Northeastern
2015,Y15,1308,New Mexico St
2015,Y16a,1214,Hampton
2015,Y16b,1264,Manhattan
2015,Z01,1458,Wisconsin
2015,Z02,1112,Arizona
2015,Z03,1124,Baylor
2015,Z04,1314,North Carolina
2015,Z05,1116,Arkansas
2015,Z06,1462,Xavier
2015,Z07,1433,VCU
2015,Z08,1332,Oregon
2015,Z09,1329,Oklahoma St
2015,Z10,1326,Ohio St
2015,Z11a,1140,BYU
2015,Z11b,1279,Mississippi
2015,Z12,1459,Wofford
2015,Z13,1217,Harvard
2015,Z14,1209,Georgia St
2015,Z15,1411,TX Southern
2015,Z16,1157,Coastal Car
2016,W01,1314,North Carolina
2016,W02,1462,Xavier
2016,W03,1452,West Virginia
2016,W04,1246,Kentucky
2016,W05,1231,Indiana
2016,W06,1323,Notre Dame
2016,W07,1458,Wisconsin
2016,W08,1425,USC
2016,W09,1344,Providence
2016,W10,1338,Pittsburgh
2016,W11a,1276,Michigan
2016,W11b,1409,Tulsa
2016,W12,1151,Chattanooga
2016,W13,1392,Stony Brook
2016,W14,1372,SF Austin
2016,W15,1451,Weber St
2016,W16a,1192,F Dickinson
2016,W16b,1195,FGCU
2016,X01,1438,Virginia
2016,X02,1277,Michigan St
2016,X03,1428,Utah
2016,X04,1235,Iowa St
2016,X05,1345,Purdue
2016,X06,1371,Seton Hall
2016,X07,1173,Dayton
2016,X08,1403,Texas Tech
2016,X09,1139,Butler
2016,X10,1393,Syracuse
2016,X11,1211,Gonzaga
2016,X12,1114,Ark Little Rock
2016,X13,1233,Iona
2016,X14,1201,Fresno St
2016,X15,1292,MTSU
2016,X16,1214,Hampton
2016,Y01,1242,Kansas
2016,Y02,1437,Villanova
2016,Y03,1274,Miami FL
2016,Y04,1143,California
2016,Y05,1268,Maryland
2016,Y06,1112,Arizona
2016,Y07,1234,Iowa
2016,Y08,1160,Colorado
2016,Y09,1163,Connecticut
2016,Y10,1396,Temple
2016,Y11a,1435,Vanderbilt
2016,Y11b,1455,Wichita St
2016,Y12,1355,S Dakota St
2016,Y13,1218,Hawaii
2016,Y14,1138,Buffalo
2016,Y15,1421,UNC Asheville
2016,Y16,1122,Austin Peay
2016,Z01,1332,Oregon
2016,Z02,1328,Oklahoma
2016,Z03,1401,Texas A&M
2016,Z04,1181,Duke
2016,Z05,1124,Baylor
2016,Z06,1400,Texas
2016,Z07,1333,Oregon St
2016,Z08,1386,St Joseph's PA
2016,Z09,1153,Cincinnati
2016,Z10,1433,VCU
2016,Z11,1320,Northern Iowa
2016,Z12,1463,Yale
2016,Z13,1423,UNC Wilmington
2016,Z14,1453,WI Green Bay
2016,Z15,1167,CS Bakersfield
2016,Z16a,1221,Holy Cross
2016,Z16b,1380,Southern Univ
2017,W01,1437,Villanova
2017,W02,1181,Duke
2017,W03,1124,Baylor
2017,W04,1196,Florida
2017,W05,1438,Virginia
2017,W06,1374,SMU
2017,W07,1376,South Carolina
2017,W08,1458,Wisconsin
2017,W09,1439,Virginia Tech
2017,W10,1266,Marquette
2017,W11a,1344,Providence
2017,W11b,1425,USC
2017,W12,1423,UNC Wilmington
2017,W13,1190,ETSU
2017,W14,1308,New Mexico St
2017,W15,1407,Troy
2017,W16a,1291,Mt St Mary's
2017,W16b,1309,New Orleans
2017,X01,1211,Gonzaga
2017,X02,1112,Arizona
2017,X03,1199,Florida St
2017,X04,1452,West Virginia
2017,X05,1323,Notre Dame
2017,X06,1268,Maryland
2017,X07,1388,St Mary's CA
2017,X08,1321,Northwestern
2017,X09,1435,Vanderbilt
2017,X10,1433,VCU
2017,X11,1462,Xavier
2017,X12,1343,Princeton
2017,X13,1137,Bucknell
2017,X14,1195,FGCU
2017,X15,1315,North Dakota
2017,X16,1355,S Dakota St
2017,Y01,1242,Kansas
2017,Y02,1257,Louisville
2017,Y03,1332,Oregon
2017,Y04,1345,Purdue
2017,Y05,1235,Iowa St
2017,Y06,1166,Creighton
2017,Y07,1276,Michigan
2017,Y08,1274,Miami FL
2017,Y09,1277,Michigan St
2017,Y10,1329,Oklahoma St
2017,Y11,1348,Rhode Island
2017,Y12,1305,Nevada
2017,Y13,1436,Vermont
2017,Y14,1233,Iona
2017,Y15,1240,Jacksonville St
2017,Y16a,1300,NC Central
2017,Y16b,1413,UC Davis
2017,Z01,1314,North Carolina
2017,Z02,1246,Kentucky
2017,Z03,1417,UCLA
2017,Z04,1139,Butler
2017,Z05,1278,Minnesota
2017,Z06,1153,Cincinnati
2017,Z07,1173,Dayton
2017,Z08,1116,Arkansas
2017,Z09,1371,Seton Hall
2017,Z10,1455,Wichita St
2017,Z11a,1243,Kansas St
2017,Z11b,1448,Wake Forest
2017,Z12,1292,MTSU
2017,Z13,1457,Winthrop
2017,Z14,1245,Kent
2017,Z15,1297,N Kentucky
2017,Z16,1411,TX Southern
2018,W01,1437,Villanova
2018,W02,1345,Purdue
2018,W03,1403,Texas Tech
2018,W04,1455,Wichita St
2018,W05,1452,West Virginia
2018,W06,1196,Florida
2018,W07,1116,Arkansas
2018,W08,1439,Virginia Tech
2018,W09,1104,Alabama
2018,W10,1139,Butler
2018,W11a,1382,St Bonaventure
2018,W11b,1417,UCLA
2018,W12,1293,Murray St
2018,W13,1267,Marshall
2018,W14,1372,SF Austin
2018,W15,1168,CS Fullerton
2018,W16a,1254,LIU Brooklyn
2018,W16b,1347,Radford
2018,X01,1242,Kansas
2018,X02,1181,Duke
2018,X03,1277,Michigan St
2018,X04,1120,Auburn
2018,X05,1155,Clemson
2018,X06,1395,TCU
2018,X07,1348,Rhode Island
2018,X08,1371,Seton Hall
2018,X09,1301,NC State
2018,X10,1328,Oklahoma
2018,X11a,1113,Arizona St
2018,X11b,1393,Syracuse
2018,X12,1308,New Mexico St
2018,X13,1158,Col Charleston
2018,X14,1137,Bucknell
2018,X15,1233,Iona
2018,X16,1335,Penn
2018,Y01,1438,Virginia
2018,Y02,1153,Cincinnati
2018,Y03,1397,Tennessee
2018,Y04,1112,Arizona
2018,Y05,1246,Kentucky
2018,Y06,1274,Miami FL
2018,Y07,1305,Nevada
2018,Y08,1166,Creighton
2018,Y09,1243,Kansas St
2018,Y10,1400,Texas
2018,Y11,1260,Loyola-Chicago
2018,Y12,1172,Davidson
2018,Y13,1138,Buffalo
2018,Y14,1460,Wright St
2018,Y15,1209,Georgia St
2018,Y16,1420,UMBC
2018,Z01,1462,Xavier
2018,Z02,1314,North Carolina
2018,Z03,1276,Michigan
2018,Z04,1211,Gonzaga
2018,Z05,1326,Ohio St
2018,Z06,1222,Houston
2018,Z07,1401,Texas A&M
2018,Z08,1281,Missouri
2018,Z09,1199,Florida St
2018,Z10,1344,Providence
2018,Z11,1361,San Diego St
2018,Z12,1355,S Dakota St
2018,Z13,1422,UNC Greensboro
2018,Z14,1285,Montana
2018,Z15,1252,Lipscomb
2018,Z16a,1300,NC Central
2018,Z16b,1411,TX Southern
2019,W01,1181,Duke
2019,W02,1277,Michigan St
2019,W03,1261,LSU
2019,W04,1439,Virginia Tech
2019,W05,1280,Mississippi St
2019,W06,1268,Maryland
2019,W07,1257,Louisville
2019,W08,1433,VCU
2019,W09,1416,UCF
2019,W10,1278,Minnesota
2019,W11a,1125,Belmont
2019,W11b,1396,Temple
2019,W12,1251,Liberty
2019,W13,1387,St Louis
2019,W14,1463,Yale
2019,W15,1133,Bradley
2019,W16a,1295,N Dakota St
2019,W16b,1300,NC Central
2019,X01,1211,Gonzaga
2019,X02,1276,Michigan
2019,X03,1403,Texas Tech
2019,X04,1199,Florida St
2019,X05,1266,Marquette
2019,X06,1138,Buffalo
2019,X07,1305,Nevada
2019,X08,1393,Syracuse
2019,X09,1124,Baylor
2019,X10,1196,Florida
2019,X11a,1113,Arizona St
2019,X11b,1385,St John's
2019,X12,1293,Murray St
2019,X13,1436,Vermont
2019,X14,1297,N Kentucky
2019,X15,1285,Montana
2019,X16a,1192,F Dickinson
2019,X16b,1341,Prairie View
2019,Y01,1314,North Carolina
2019,Y02,1246,Kentucky
2019,Y03,1222,Houston
2019,Y04,1242,Kansas
2019,Y05,1120,Auburn
2019,Y06,1235,Iowa St
2019,Y07,1459,Wofford
2019,Y08,1429,Utah St
2019,Y09,1449,Washington
2019,Y10,1371,Seton Hall
2019,Y11,1326,Ohio St
2019,Y12,1308,New Mexico St
2019,Y13,1318,Northeastern
2019,Y14,1209,Georgia St
2019,Y15,1101,Abilene Chr
2019,Y16,1233,Iona
2019,Z01,1438,Virginia
2019,Z02,1397,Tennessee
2019,Z03,1345,Purdue
2019,Z04,1243,Kansas St
2019,Z05,1458,Wisconsin
2019,Z06,1437,Villanova
2019,Z07,1153,Cincinnati
2019,Z08,1279,Mississippi
2019,Z09,1328,Oklahoma
2019,Z10,1234,Iowa
2019,Z11,1388,St Mary's CA
2019,Z12,1332,Oregon
2019,Z13,1414,UC Irvine
2019,Z14,1330,Old Dominion
2019,Z15,1159,Colgate
2019,Z16,1205,Gardner Webb
2021,W01,1276,Michigan
2021,W02,1104,Alabama
2021,W03,1400,Texas
2021,W04,1199,Florida St
2021,W05,1160,Colorado
2021,W06,1140,BYU
2021,W07,1163,Connecticut
2021,W08,1261,LSU
2021,W09,1382,St Bonaventure
2021,W10,1268,Maryland
2021,W11a,1277,Michigan St
2021,W11b,1417,UCLA
2021,W12,1207,Georgetown
2021,W13,1422,UNC Greensboro
2021,W14,1101,Abilene Chr
2021,W15,1233,Iona
2021,W16a,1291,Mt St Mary's
2021,W16b,1411,TX Southern
2021,X01,1211,Gonzaga
2021,X02,1234,Iowa
2021,X03,1242,Kansas
2021,X04,1438,Virginia
2021,X05,1166,Creighton
2021,X06,1425,USC
2021,X07,1332,Oregon
2021,X08,1328,Oklahoma
2021,X09,1281,Missouri
2021,X10,1433,VCU
2021,X11a,1179,Drake
2021,X11b,1455,Wichita St
2021,X12,1364,UC Santa Barbara
2021,X13,1325,Ohio
2021,X14,1186,E Washington
2021,X15,1213,Grand Canyon
2021,X16a,1111,Appalachian St
2021,X16b,1313,Norfolk St
2021,Y01,1228,Illinois
2021,Y02,1222,Houston
2021,Y03,1452,West Virginia
2021,Y04,1329,Oklahoma St
2021,Y05,1397,Tennessee
2021,Y06,1361,San Diego St
2021,Y07,1155,Clemson
2021,Y08,1260,Loyola-Chicago
2021,Y09,1210,Georgia Tech
2021,Y10,1353,Rutgers
2021,Y11,1393,Syracuse
2021,Y12,1333,Oregon St
2021,Y13,1251,Liberty
2021,Y14,1287,Morehead St
2021,Y15,1156,Cleveland St
2021,Y16,1180,Drexel
2021,Z01,1124,Baylor
2021,Z02,1326,Ohio St
2021,Z03,1116,Arkansas
2021,Z04,1345,Purdue
2021,Z05,1437,Villanova
2021,Z06,1403,Texas Tech
2021,Z07,1196,Florida
2021,Z08,1314,North Carolina
2021,Z09,1458,Wisconsin
2021,Z10,1439,Virginia Tech
2021,Z11,1429,Utah St
2021,Z12,1457,Winthrop
2021,Z13,1317,North Texas
2021,Z14,1159,Colgate
2021,Z15,1331,Oral Roberts
2021,Z16,1216,Hartford
2022,W01,1124,Baylor
2022,W02,1246,Kentucky
2022,W03,1345,Purdue
2022,W04,1417,UCLA
2022,W05,1388,St Mary's CA
2022,W06,1400,Texas
2022,W07,1293,Murray St
2022,W08,1314,North Carolina
2022,W09,1266,Marquette
2022,W10,1362,San Francisco
2022,W11,1439,Virginia Tech
2022,W12a,1231,Indiana
2022,W12b,1461,Wyoming
2022,W13,1103,Akron
2022,W14,1463,Yale
2022,W15,1389,St Peter's
2022,W16,1313,Norfolk St
2022,X01,1211,Gonzaga
2022,X02,1181,Duke
2022,X03,1403,Texas Tech
2022,X04,1116,Arkansas
2022,X05,1163,Connecticut
2022,X06,1104,Alabama
2022,X07,1277,Michigan St
2022,X08,1129,Boise St
2022,X09,1272,Memphis
2022,X10,1172,Davidson
2022,X11a,1323,Notre Dame
2022,X11b,1353,Rutgers
2022,X12,1308,New Mexico St
2022,X13,1436,Vermont
2022,X14,1286,Montana St
2022,X15,1168,CS Fullerton
2022,X16,1209,Georgia St
2022,Y01,1242,Kansas
2022,Y02,1120,Auburn
2022,Y03,1458,Wisconsin
2022,Y04,1344,Providence
2022,Y05,1234,Iowa
2022,Y06,1261,LSU
2022,Y07,1425,USC
2022,Y08,1361,San Diego St
2022,Y09,1166,Creighton
2022,Y10,1274,Miami FL
2022,Y11,1235,Iowa St
2022,Y12,1350,Richmond
2022,Y13,1355,S Dakota St
2022,Y14,1159,Colgate
2022,Y15,1240,Jacksonville St
2022,Y16a,1394,TAM C. Christi
2022,Y16b,1411,TX Southern
2022,Z01,1112,Arizona
2022,Z02,1437,Villanova
2022,Z03,1397,Tennessee
2022,Z04,1228,Illinois
2022,Z05,1222,Houston
2022,Z06,1161,Colorado St
2022,Z07,1326,Ohio St
2022,Z08,1371,Seton Hall
2022,Z09,1395,TCU
2022,Z10,1260,Loyola-Chicago
2022,Z11,1276,Michigan
2022,Z12,1412,UAB
2022,Z13,1151,Chattanooga
2022,Z14,1255,Longwood
2022,Z15,1174,Delaware
2022,Z16a,1136,Bryant
2022,Z16b,1460,Wright St
2023,W01,1345,Purdue
2023,W02,1266,Marquette
2023,W03,1243,Kansas St
2023,W04,1397,Tennessee
2023,W05,1181,Duke
2023,W06,1246,Kentucky
2023,W07,1277,Michigan St
2023,W08,1272,Memphis
2023,W09,1194,FL Atlantic
2023,W10,1425,USC
2023,W11,1344,Providence
2023,W12,1331,Oral Roberts
2023,W13,1418,Louisiana
2023,W14,1286,Montana St
2023,W15,1436,Vermont
2023,W16a,1192,F Dickinson
2023,W16b,1411,TX Southern
2023,X01,1104,Alabama
2023,X02,1112,Arizona
2023,X03,1124,Baylor
2023,X04,1438,Virginia
2023,X05,1361,San Diego St
2023,X06,1166,Creighton
2023,X07,1281,Missouri
2023,X08,1268,Maryland
2023,X09,1452,West Virginia
2023,X10,1429,Utah St
2023,X11,1301,NC State
2023,X12,1158,Col Charleston
2023,X13,1202,Furman
2023,X14,1364,UC Santa Barbara
2023,X15,1343,Princeton
2023,X16a,1369,SE Missouri St
2023,X16b,1394,TAM C. Christi
2023,Y01,1222,Houston
2023,Y02,1400,Texas
2023,Y03,1462,Xavier
2023,Y04,1231,Indiana
2023,Y05,1274,Miami FL
2023,Y06,1235,Iowa St
2023,Y07,1401,Texas A&M
2023,Y08,1234,Iowa
2023,Y09,1120,Auburn
2023,Y10,1336,Penn St
2023,Y11a,1280,Mississippi St
2023,Y11b,1338,Pittsburgh
2023,Y12,1179,Drake
2023,Y13,1245,Kent
2023,Y14,1244,Kennesaw
2023,Y15,1159,Colgate
2023,Y16,1297,N Kentucky
2023,Z01,1242,Kansas
2023,Z02,1417,UCLA
2023,Z03,1211,Gonzaga
2023,Z04,1163,Connecticut
2023,Z05,1388,St Mary's CA
2023,Z06,1395,TCU
2023,Z07,1321,Northwestern
2023,Z08,1116,Arkansas
2023,Z09,1228,Illinois
2023,Z10,1129,Boise St
2023,Z11a,1113,Arizona St
2023,Z11b,1305,Nevada
2023,Z12,1433,VCU
2023,Z13,1233,Iona
2023,Z14,1213,Grand Canyon
2023,Z15,1421,UNC Asheville
2023,Z16,1224,Howard
2024,W01,1163,Connecticut
2024,W02,1235,Iowa St
2024,W03,1228,Illinois
2024,W04,1120,Auburn
2024,W05,1361,San Diego St
2024,W06,1140,BYU
2024,W07,1450,Washington St
2024,W08,1194,FL Atlantic
2024,W09,1321,Northwestern
2024,W10,1179,Drake
2024,W11,1182,Duquesne
2024,W12,1412,UAB
2024,W13,1463,Yale
2024,W14,1287,Morehead St
2024,W15,1355,S Dakota St
2024,W16,1391,Stetson
2024,X01,1314,North Carolina
2024,X02,1112,Arizona
2024,X03,1124,Baylor
2024,X04,1104,Alabama
2024,X05,1388,St Mary's CA
2024,X06,1155,Clemson
2024,X07,1173,Dayton
2024,X08,1280,Mississippi St
2024,X09,1277,Michigan St
2024,X10,1305,Nevada
2024,X11,1307,New Mexico
2024,X12,1213,Grand Canyon
2024,X13,1158,Col Charleston
2024,X14,1159,Colgate
2024,X15,1253,Long Beach St
2024,X16a,1224,Howard
2024,X16b,1447,Wagner
2024,Y01,1345,Purdue
2024,Y02,1397,Tennessee
2024,Y03,1166,Creighton
2024,Y04,1242,Kansas
2024,Y05,1211,Gonzaga
2024,Y06,1376,South Carolina
2024,Y07,1400,Texas
2024,Y08,1429,Utah St
2024,Y09,1395,TCU
2024,Y10a,1161,Colorado St
2024,Y10b,1438,Virginia
2024,Y11,1332,Oregon
2024,Y12,1270,McNeese St
2024,Y13,1359,Samford
2024,Y14,1103,Akron
2024,Y15,1389,St Peter's
2024,Y16a,1212,Grambling
2024,Y16b,1286,Montana St
2024,Z01,1222,Houston
2024,Z02,1266,Marquette
2024,Z03,1246,Kentucky
2024,Z04,1181,Duke
2024,Z05,1458,Wisconsin
2024,Z06,1403,Texas Tech
2024,Z07,1196,Florida
2024,Z08,1304,Nebraska
2024,Z09,1401,Texas A&M
2024,Z10a,1129,Boise St
2024,Z10b,1160,Colorado
2024,Z11,1301,NC State
2024,Z12,1241,James Madison
2024,Z13,1436,Vermont
2024,Z14,1324,Oakland
2024,Z15,1443,WKU
2024,Z16,1255,Longwood
2025,W01,1181,Duke
2025,W02,1104,Alabama
2025,W03,1458,Wisconsin
2025,W04,1112,Arizona
2025,W05,1332,Oregon
2025,W06,1140,BYU
2025,W07,1388,St Mary's CA
2025,W08,1280,Mississippi St
2025,W09,1124,Baylor
2025,W10,1435,Vanderbilt
2025,W11,1433,VCU
2025,W12,1251,Liberty
2025,W13,1103,Akron
2025,W14,1285,Montana
2025,W15,1352,Robert Morris
2025,W16a,1110,American Univ
2025,W16b,1291,Mt St Mary's
2025,X01,1222,Houston
2025,X02,1397,Tennessee
2025,X03,1246,Kentucky
2025,X04,1345,Purdue
2025,X05,1155,Clemson
2025,X06,1228,Illinois
2025,X07,1417,UCLA
2025,X08,1211,Gonzaga
2025,X09,1208,Georgia
2025,X10,1429,Utah St
2025,X11a,1400,Texas
2025,X11b,1462,Xavier
2025,X12,1270,McNeese St
2025,X13,1219,High Point
2025,X14,1407,Troy
2025,X15,1459,Wofford
2025,X16,1188,SIUE
2025,Y01,1120,Auburn
2025,Y02,1277,Michigan St
2025,Y03,1235,Iowa St
2025,Y04,1401,Texas A&M
2025,Y05,1276,Michigan
2025,Y06,1279,Mississippi
2025,Y07,1266,Marquette
2025,Y08,1257,Louisville
2025,Y09,1166,Creighton
2025,Y10,1307,New Mexico
2025,Y11a,1314,North Carolina
2025,Y11b,1361,San Diego St
2025,Y12,1471,UC San Diego
2025,Y13,1463,Yale
2025,Y14,1252,Lipscomb
2025,Y15,1136,Bryant
2025,Y16a,1106,Alabama St
2025,Y16b,1384,St Francis PA
2025,Z01,1196,Florida
2025,Z02,1385,St John's
2025,Z03,1403,Texas Tech
2025,Z04,1268,Maryland
2025,Z05,1272,Memphis
2025,Z06,1281,Missouri
2025,Z07,1242,Kansas
2025,Z08,1163,Connecticut
2025,Z09,1328,Oklahoma
2025,Z10,1116,Arkansas
2025,Z11,1179,Drake
2025,Z12,1161,Colorado St
2025,Z13,1213,Grand Canyon
2025,Z14,1423,UNC Wilmington
2025,Z15,1303,NE Omaha
2025,Z16,1313,Norfolk St
